{
	"format_version": "1.8.0",
	"animations": {
		"animation.strideler.ground_idle": {
			"loop": true,
			"animation_length": 2,
			"bones": {
				"head": {
					"rotation": {
						"0.0": [0, 0, 0],
						"1.0": [2.5, 0, 0],
						"2.0": [0, 0, 0]
					}
				},
				"hair1": {
					"rotation": {
						"0.0": [0, 0, -60],
						"1.0": [0, 0, -62.5],
						"2.0": [0, 0, -60]
					}
				},
				"hair2": {
					"rotation": {
						"0.0": [0, 0, 60],
						"1.0": [0, 0, 62.5],
						"2.0": [0, 0, 60]
					}
				}
			}
		},
		"animation.strideler.ground walk": {
			"loop": true,
			"animation_length": 2,
			"bones": {
				"body": {
					"rotation": {
						"0.0": [0, 0, 0],
						"0.5": [2.49762, -0.10901, 2.49762],
						"1.0": [0, 0, 0],
						"1.5": [2.49762, 0.10901, -2.49762],
						"2.0": [0, 0, 0]
					},
					"position": {
						"0.0": [0, 0, 0],
						"0.5": [1, 0, 0],
						"1.0": [0, 0, 0],
						"1.5": [-1, 0, 0],
						"2.0": [0, 0, 0]
					}
				},
				"head": {
					"rotation": {
						"0.0": [0, 0, 0],
						"0.5": [-5, 0, 0],
						"1.0": [0, 0, 0],
						"1.5": [-5, 0, 0],
						"2.0": [0, 0, 0]
					},
					"position": {
						"0.0": [0, 0, 0],
						"1.0": [0, 0, 0],
						"2.0": [0, 0, 0]
					}
				},
				"hair1": {
					"rotation": {
						"0.0": [0, 0, -60],
						"0.5": [0, 0, -45],
						"1.0": [0, 0, -60],
						"1.5": [0, 0, -70],
						"2.0": [0, 0, -60]
					}
				},
				"hair2": {
					"rotation": {
						"0.0": [0, 0, 60],
						"0.5": [0, 0, 70],
						"1.0": [0, 0, 60],
						"1.5": [0, 0, 45],
						"2.0": [0, 0, 60]
					}
				},
				"leg1": {
					"rotation": {
						"0.0": [20, 0, 0],
						"0.5": [5, 0, 0],
						"1.0": [-20, 0, 0],
						"1.5": [-15, 0, 0],
						"2.0": [20, 0, 0]
					}
				},
				"lowerleg1": {
					"rotation": {
						"0.0": [0, 0, 0],
						"0.5": [30, 0, 0],
						"1.0": [0, 0, 0],
						"1.5": [15, 0, 0],
						"2.0": [0, 0, 0]
					}
				},
				"leg2": {
					"rotation": {
						"0.0": [-20, 0, 0],
						"0.5": [-10, 0, 0],
						"1.0": [5, 0, 0],
						"1.5": [7.5, 0, 0],
						"2.0": [-20, 0, 0]
					}
				},
				"lowerleg2": {
					"rotation": {
						"0.0": [0, 0, 0],
						"0.5": [10, 0, 0],
						"1.0": [15, 0, 0],
						"1.5": [30, 0, 0],
						"2.0": [0, 0, 0]
					}
				}
			}
		},
		"animation.strideler.water_idle": {
			"loop": true,
			"animation_length": 2,
			"bones": {
				"head": {
					"rotation": {
						"0.0": [0, 0, 0],
						"1.0": [2.5, 0, 0],
						"2.0": [0, 0, 0]
					}
				},
				"hair1": {
					"rotation": {
						"0.0": [0, 0, -60],
						"1.0": [0, 0, -62.5],
						"2.0": [0, 0, -60]
					}
				},
				"hair2": {
					"rotation": {
						"0.0": [0, 0, 60],
						"1.0": [0, 0, 62.5],
						"2.0": [0, 0, 60]
					}
				}
			}
		},
		"animation.strideler.ground_walk": {
			"loop": true,
			"animation_length": 2,
			"bones": {
				"body": {
					"rotation": {
						"0.0": [0, 0, 0],
						"0.5": [2.49762, -0.10901, 2.49762],
						"1.0": [0, 0, 0],
						"1.5": [2.49762, 0.10901, -2.49762],
						"2.0": [0, 0, 0]
					},
					"position": {
						"0.0": [0, 0, 0],
						"0.5": [1, 0, 0],
						"1.0": [0, 0, 0],
						"1.5": [-1, 0, 0],
						"2.0": [0, 0, 0]
					}
				},
				"head": {
					"rotation": {
						"0.0": [0, 0, 0],
						"0.5": [-5, 0, 0],
						"1.0": [0, 0, 0],
						"1.5": [-5, 0, 0],
						"2.0": [0, 0, 0]
					},
					"position": {
						"0.0": [0, 0, 0],
						"1.0": [0, 0, 0],
						"2.0": [0, 0, 0]
					}
				},
				"hair1": {
					"rotation": {
						"0.0": [0, 0, -60],
						"0.5": [0, 0, -45],
						"1.0": [0, 0, -60],
						"1.5": [0, 0, -70],
						"2.0": [0, 0, -60]
					}
				},
				"hair2": {
					"rotation": {
						"0.0": [0, 0, 60],
						"0.5": [0, 0, 70],
						"1.0": [0, 0, 60],
						"1.5": [0, 0, 45],
						"2.0": [0, 0, 60]
					}
				},
				"leg1": {
					"rotation": {
						"0.0": [20, 0, 0],
						"0.5": [5, 0, 0],
						"1.0": [-20, 0, 0],
						"1.5": [-15, 0, 0],
						"2.0": [20, 0, 0]
					}
				},
				"lowerleg1": {
					"rotation": {
						"0.0": [0, 0, 0],
						"0.5": [30, 0, 0],
						"1.0": [0, 0, 0],
						"1.5": [15, 0, 0],
						"2.0": [0, 0, 0]
					}
				},
				"leg2": {
					"rotation": {
						"0.0": [-20, 0, 0],
						"0.5": [-10, 0, 0],
						"1.0": [5, 0, 0],
						"1.5": [7.5, 0, 0],
						"2.0": [-20, 0, 0]
					}
				},
				"lowerleg2": {
					"rotation": {
						"0.0": [0, 0, 0],
						"0.5": [10, 0, 0],
						"1.0": [15, 0, 0],
						"1.5": [30, 0, 0],
						"2.0": [0, 0, 0]
					}
				}
			}
		},
		"animation.strideler.water_swim": {
			"loop": true,
			"animation_length": 2,
			"bones": {
				"body": {
					"rotation": {
						"0.0": [0, 0, 0],
						"0.5": [2.49762, -0.10901, 2.49762],
						"1.0": [0, 0, 0],
						"1.5": [2.49762, 0.10901, -2.49762],
						"2.0": [0, 0, 0]
					},
					"position": {
						"0.0": [0, 0, 0],
						"0.5": [1, 0, 0],
						"1.0": [0, 0, 0],
						"1.5": [-1, 0, 0],
						"2.0": [0, 0, 0]
					}
				},
				"head": {
					"rotation": {
						"0.0": [0, 0, 0],
						"0.5": [-5, 0, 0],
						"1.0": [0, 0, 0],
						"1.5": [-5, 0, 0],
						"2.0": [0, 0, 0]
					},
					"position": {
						"0.0": [0, 0, 0],
						"1.0": [0, 0, 0],
						"2.0": [0, 0, 0]
					}
				},
				"hair1": {
					"rotation": {
						"0.0": [0, 0, -60],
						"0.5": [0, 0, -45],
						"1.0": [0, 0, -60],
						"1.5": [0, 0, -70],
						"2.0": [0, 0, -60]
					}
				},
				"hair2": {
					"rotation": {
						"0.0": [0, 0, 60],
						"0.5": [0, 0, 70],
						"1.0": [0, 0, 60],
						"1.5": [0, 0, 45],
						"2.0": [0, 0, 60]
					}
				},
				"leg1": {
					"rotation": {
						"0.0": [20, 0, 0],
						"0.5": [5, 0, 0],
						"1.0": [-20, 0, 0],
						"1.5": [-15, 0, 0],
						"2.0": [20, 0, 0]
					}
				},
				"lowerleg1": {
					"rotation": {
						"0.0": [0, 0, 0],
						"0.5": [30, 0, 0],
						"1.0": [0, 0, 0],
						"1.5": [15, 0, 0],
						"2.0": [0, 0, 0]
					}
				},
				"leg2": {
					"rotation": {
						"0.0": [-20, 0, 0],
						"0.5": [-10, 0, 0],
						"1.0": [5, 0, 0],
						"1.5": [7.5, 0, 0],
						"2.0": [-20, 0, 0]
					}
				},
				"lowerleg2": {
					"rotation": {
						"0.0": [0, 0, 0],
						"0.5": [10, 0, 0],
						"1.0": [15, 0, 0],
						"1.5": [30, 0, 0],
						"2.0": [0, 0, 0]
					}
				}
			}
		},
		"animation.strideler.faint": {
			"animation_length": 3,
			"bones": {
				"body": {
					"position": {
						"0.0": [0, 0, 0],
						"1.0": [0, 0, -5]
					}
				},
				"torso": {
					"rotation": {
						"0.0": [0, 0, 0],
						"1.25": [0, 0, 0],
						"1.5": [90, 0, 0]
					},
					"position": {
						"0.0": [0, 0, 0],
						"1.0": [0, 0, 0],
						"1.25": [0, -13, -11],
						"1.2917": [0, -13.5, -14.67],
						"1.3333": [0, -15, -19.08],
						"1.375": [0, -17.5, -22],
						"1.5": [0, -30, -29.5]
					}
				},
				"head": {
					"rotation": {
						"1.4583": [0, 0, 0],
						"1.5": [-15, 0, 0],
						"1.5833": [-10, 0, 0]
					},
					"position": [0, 0, 0]
				},
				"hair1": {
					"rotation": {
						"0.0": [0, 0, -60],
						"1.0": [0, 0, -60],
						"1.25": [0, 0, -10],
						"1.375": [0, 0, -60],
						"3.0": [0, 0, -60]
					},
					"position": [0, 0, 0]
				},
				"hair2": {
					"rotation": {
						"0.0": [0, 0, 60],
						"1.0": [0, 0, 60],
						"1.25": [0, 0, 10],
						"1.375": [0, 0, 60]
					}
				},
				"eyelids": {
					"rotation": [0, 0, 0],
					"position": {
						"1.25": [0, 0, 0],
						"1.2917": [0, 0, -1]
					}
				},
				"leg1": {
					"rotation": {
						"1.25": [0, 0, 0],
						"1.5": [-7.5, 0, 0],
						"1.5833": [-2.5, 0, 0],
						"1.6667": [-7.5, 0, 0]
					}
				},
				"lowerleg1": {
					"rotation": {
						"0.0": [0, 0, 0],
						"1.0": [20, 0, 0],
						"1.25": [90, 0, 0],
						"1.5": [7.5, 0, 0],
						"1.5833": [15, 0, 0],
						"1.6667": [10, 0, 0]
					}
				},
				"leg2": {
					"rotation": {
						"1.25": [0, 0, 0],
						"1.5": [-7.5, 0, 0],
						"1.5833": [-2.5, 0, 0],
						"1.6667": [-7.5, 0, 0]
					}
				},