{
	"format_version": "1.8.0",
	"animations": {
		"animation.creeplett.ground_idle": {
			"loop": true,
			"animation_length": 2,
			"bones": {
				"torso": {
					"rotation": {
						"0.0": [0, 0, 0],
						"1.0": [-7.5, 0, 0],
						"2.0": [0, 0, 0]
					},
					"position": {
						"0.0": [0, 0, 0],
						"1.0": [0, 0, 0.5],
						"2.0": [0, 0, 0]
					},
					"scale": {
						"0.0": [1, 1, 1],
						"2.0": [1, 1, 1]
					}
				},
				"head": {
					"rotation": {
						"0.0": [0, 0, 0],
						"0.875": [10, 0, 0],
						"1.75": [0, 0, 0]
					},
					"position": {
						"0.0": [0, 0, 0],
						"1.75": [0, 0, 0]
					}
				}
			}
		},
		"animation.creeplett.ground_walk": {
			"loop": true,
			"animation_length": 0.5,
			"bones": {
				"torso": {
					"rotation": {
						"0.0": [0, 0, 0],
						"0.25": [-12.5, 0, 0],
						"0.5": [0, 0, 0]
					},
					"position": {
						"0.0": [0, 0, 0],
						"0.25": [0, 0, 1],
						"0.5": [0, 0, 0]
					},
					"scale": {
						"0.0": [1, 1, 1],
						"0.5": [1, 1, 1]
					}
				},
				"head": {
					"rotation": {
						"0.0": [2.5, 0, 0],
						"0.125": [12.5, 0, 0],
						"0.1667": [17.5, 0, 0],
						"0.25": [10, 0, 0],
						"0.375": [0, 0, 0],
						"0.4167": [-5, 0, 0],
						"0.5": [2.5, 0, 0]
					}
				},
				"leg1": {
					"rotation": {
						"0.0": [0, 0, 0],
						"0.125": [-22.5, 0, 0],
						"0.25": [0, 0, 0],
						"0.375": [40, 0, 0],
						"0.5": [0, 0, 0]
					}
				},
				"leg2": {
					"rotation": {
						"0.0": [0, 0, 0],
						"0.125": [40, 0, 0],
						"0.25": [0, 0, 0],
						"0.375": [-22.5, 0, 0],
						"0.5": [0, 0, 0]
					}
				},
				"leg3": {
					"rotation": {
						"0.0": [0, 0, 0],
						"0.125": [-30, 0, 0],
						"0.25": [0, 0, 0],
						"0.375": [32.5, 0, 0],
						"0.5": [0, 0, 0]
					}
				},
				"leg4": {
					"rotation": {
						"0.0": [0, 0, 0],
						"0.125": [32.5, 0, 0],
						"0.25": [0, 0, 0],
						"0.375": [-30, 0, 0],
						"0.5": [0, 0, 0]
					}
				}
			}
		},
		"animation.creeplett.faint": {
			"loop": true,
			"animation_length": 3.5,
			"bones": {
				"torso": {
					"rotation": {
						"0.0": [0, 0, 0],
						"0.125": [-38.9758, 17.70513, -21.98835],
						"0.5": [-7.00208, -1.53816, -1.59532],
						"0.5833": [-6.84255, -2.14116, -6.56141],
						"0.6667": [-6.36979, -3.2945, -16.50606],
						"0.875": [-2.47219, -6.7305, -59.04404],
						"1.0": [0.93078, -7.10784, -86.74724],
						"1.125": [2.53738, -2.11613, -89.21649],
						"1.2083": [2.23957, -2.42914, -81.71711],
						"1.2917": [2.71205, -1.88702, -94.21429],
						"3.5": [2.71205, -1.88702, -94.21429]
					},
					"position": {
						"0.0": [0, 0, 0],
						"0.125": [-4, 1, 4],
						"0.5": [0, 1, 1],
						"0.5833": [-0.5, 1, 1],
						"0.6667": [-1.5, 0, 1],
						"0.875": [-6.5, -1, 1],
						"1.0": [-9.5, -5, 1],
						"1.125": [-9.5, -8, 1],
						"1.2083": [-9.5, -6, 1],
						"1.2917": [-9.5, -8, 1],
						"3.5": [-9.5, -8, 1]
					}
				},
				"head": {
					"rotation": {
						"0.0": [0, 0, 0],
						"0.0417": [42.5, 0, 0],
						"0.125": [25, 0, 0],
						"0.4583": [-2.58807, 14.98539, -0.66963],
						"0.75": [4.13381, 14.64213, 25.20214],
						"0.875": [-12.36521, -1.79655, 38.54666],
						"1.125": [3.18841, 0.03857, 3.58905],
						"1.2083": [18.10465, 0.72742, -8.89231],
						"1.2917": [42.70606, -3.90828, 5.38283]
					}
				},
				"leg1": {
					"rotation": {
						"0.0": [0, 0, 0],
						"0.125": [-43.8547, -12.80911, 12.02501],
						"0.5833": [3.38664, -12.41265, 1.78518],
						"0.875": [-24.09918, -6.86335, -41.00208],
						"1.125": [-21.69938, -12.72976, -55.01932]
					},
					"position": {
						"0.0": [0, 0, 0],
						"0.125": [-4, 2, 0],
						"0.5": [1, 0, 0],
						"0.5833": [1, 0, 0],
						"0.6667": [1, 1, 0],
						"0.875": [-1, 3, 2],
						"1.0": [-4, 3, 2],
						"1.125": [-4, 1, 2]
					}
				},
				"leg2": {
					"rotation": {
						"0.0": [0, 0, 0],
						"0.125": [22.5, 0, 0],
						"0.5833": [57.5, 0, 0],
						"0.6667": [82.5, 0, 0],
						"0.875": [84.2411, -4.81281, -39.75778],
						"1.0": [86.23387, -6.49053, -59.78638],
						"1.125": [92.71741, -2.50477, -89.99049]
					},
					"position": {
						"0.0": [0, 0, 0],
						"0.125": [-3, 1, 1],
						"0.5": [1, 1, 0],
						"0.6667": [1, -1, 0],
						"1.125": [1, -3, 0]
					}
				},
				"leg3": {
					"rotation": {
						"0.0": [0, 0, 0],
						"0.5833": [7.5, 0, 0],
						"0.6667": [32.5, 0, 0],
						"1.0": [20.44492, 2.38595, -72.49357],
						"1.125": [19.385, 1.95675, -85.94458]
					},
					"position": {
						"0.0": [0, 0, 0],
						"0.5833": [0, 0, 0],
						"0.6667": [0, -1, 0],
						"0.875": [-0.5, -1, 0],
						"1.0": [-0.5, -2, 1],
						"1.125": [-0.75, -3, 1]
					}
				},
				"leg4": {
					"rotation": {
						"0.0": [0, 0, 0],
						"0.125": [0, 0, -27.5],
						"0.5": [0, 0, -15],
						"0.5833": [0, 0, 0],
						"0.875": [9.61518, -14.6914, -33.7424],
						"1.0": [13.57875, -11.14485, -51.33099],
						"1.125": [17.25002, -2.99318, -80.45411]
					},
					"position": {
						"0.0": [0, 0, 0],
						"0.125": [-1, 1, -2],
						"0.5": [1, 1, 1],
						"0.5833": [0.5, 1, 1],
						"0.6667": [0.5, 2, 1],
						"0.875": [-2, 3.75, 1],
						"1.0": [-6, 3.75, 1],
						"1.125": [-6, 1.75, 1]
					}
				},
				"eyes": {
					"scale": {
						"0.5": [1, 1, 1],
						"1.0": [1, 0, 1]
					}
				}
			}
		},
		"animation.creeplett.sleep": {
			"loop": true,
			"animation_length": 4,
			"bones": {
				"body": {
					"rotation": [90, -2.5, -90],
					"position": [0, 2, 10]
				},
				"torso": {
					"scale": {
						"0.0": [1, 1, 1],
						"2.0": [1.02, 1, 1.02],
						"4.0": [1, 1, 1]
					}
				},
				"head": {
					"rotation": {
						"0.0": [47.67378, -8.61795, -3.20202],
						"2.0": [42.67378, -8.61795, -3.20202],
						"4.0": [47.67378, -8.61795, -3.20202]
					}
				},
				"leg1": {
					"rotation": [80, 0, 0]
				},
				"leg4": {
					"rotation": [-15, 0, 0]
				},
				"leg3": {
					"rotation": [-17.19212, 28.87909, -8.49878]
				},
				"leg2": {
					"rotation": [79.19476, 22.13991, -4.11405]
				},
				"eyes": {
					"scale": [1, 0.1, 1]
				}
			}
		}
	}
}