{
	"format_version": "1.8.0",
	"animations": {
		"animation.creeperator.ground_idle": {
			"loop": true,
			"animation_length": 4,
			"bones": {
				"body": {
					"position": [0, 0.5, 0]
				},
				"torso": {
					"rotation": {
						"0.0": [20, 0, 0],
						"2.0": [25, 0, 0],
						"4.0": [20, 0, 0]
					}
				},
				"head": {
					"rotation": {
						"0.0": [-15, 0, 0],
						"1.0": [-15, 0, 0],
						"1.0417": [0.90153, 23.00396, 14.18829],
						"1.0833": [-35.31647, 16.08978, 3.12658],
						"1.125": [-37.53104, 8.64739, -7.16393],
						"1.1667": [-34.01801, 18.93523, 7.43844],
						"1.2083": [-37.53104, 8.64739, -7.16393],
						"1.25": [-34.01801, 18.93523, 7.43844],
						"1.2917": [-37.53104, 8.64739, -7.16393],
						"1.3333": [-34.01801, 18.93523, 7.43844],
						"1.4583": [-15, 0, 0],
						"2.4583": [-15, 0, 0],
						"2.5": [15.30788, -28.87909, 8.49878],
						"2.5833": [-45.44066, -20.42085, -1.6451],
						"2.6667": [-42.82294, 10.7772, -30.98683],
						"2.7083": [-56.11292, -36.44967, 20.33954],
						"2.75": [-42.82294, 10.7772, -30.98683],
						"2.7917": [-56.11292, -36.44967, 20.33954],
						"2.8333": [-42.82294, 10.7772, -30.98683],
						"2.875": [-56.11292, -36.44967, 20.33954],
						"3.0": [-15, 0, 0]
					},
					"position": [0, 0, 0]
				},
				"eyes": {
					"position": {
						"0.0": [0, 0, 0],
						"0.9167": [0, 0, 0],
						"1.0417": [-1, -1, 0],
						"1.0833": [0, 1, 0],
						"1.1667": [1, 1, 0],
						"1.2083": [-1, 1, 0],
						"1.5": [0, 0, 0],
						"2.4583": [0, 0, 0],
						"2.5": [0, -1, 0],
						"2.5417": [0, 1, 0],
						"2.5833": [-1, 1, 0],
						"2.7083": [1, 1, 0],
						"2.75": [-1, 1, 0],
						"2.7917": [1, 1, 0],
						"2.8333": [-1, 1, 0],
						"2.875": [0, 1, 0],
						"3.0": [0, 0, 0]
					}
				},
				"leg1": {
					"rotation": [-20, -45, 0]
				},
				"foot1": {
					"rotation": [90, 0, 0]
				},
				"leg2": {
					"rotation": [-20, 45, 0]
				},
				"foot2": {
					"rotation": [90, 0, 0]
				},
				"leg3": {
					"rotation": [15, 45, 0]
				},
				"foot3": {
					"rotation": [-85, 0, 0]
				},
				"leg4": {
					"rotation": [15, -45, 0]
				},
				"foot4": {
					"rotation": [-85, 0, 0]
				}
			}
		},
		"animation.creeperator.ground_walk": {
			"loop": true,
			"animation_length": 2,
			"bones": {
				"body": {
					"position": {
						"0.0": [0, 0, 0],
						"0.8333": [0, 0, 0],
						"0.9167": [0, -0.5, 0],
						"1.0": [0, 0, 0],
						"1.8333": [0, 0, 0],
						"1.9167": [0, -0.5, 0],
						"2.0": [0, 0, 0]
					}
				},
				"torso": {
					"rotation": {
						"0.0": [20, 0, 0],
						"0.8333": [15, 0, 0],
						"1.0": [20, 0, 0],
						"1.8333": [15, 0, 0],
						"2.0": [20, 0, 0]
					}
				},
				"head": {
					"rotation": {
						"0.0": [-10, 0, 0],
						"0.9167": [0, 0, 0],
						"1.0": [-10, 0, 0],
						"1.9167": [0, 0, 0],
						"2.0": [-10, 0, 0]
					}
				},
				"eyes": {
					"position": {
						"0.0": [0, 0, 0],
						"2.0": [0, 0, 0]
					}
				},
				"leg1": {
					"rotation": {
						"0.0": [-14.02688, -19.89367, -4.97938],
						"1.0": [-54.68586, -73.78113, 43.74272],
						"1.5": [-44.35637, -46.8374, 19.38167],
						"2.0": [-14.02688, -19.89367, -4.97938]
					}
				},
				"foot1": {
					"rotation": {
						"0.0": [90, 0, 0],
						"2.0": [90, 0, 0]
					}
				},
				"leg2": {
					"rotation": {
						"0.0": [-38.56148, 67.17155, -21.87368],
						"0.5": [-38.92294, 39.29893, -5.16423],
						"1.0": [-14.28439, 11.42632, 11.54523],
						"2.0": [-38.56148, 67.17155, -21.87368]
					}
				},
				"foot2": {
					"rotation": {
						"0.0": [90, 0, 0],
						"2.0": [90, 0, 0]
					}
				},
				"leg3": {
					"rotation": {
						"0.0": [10.95978, 15.71581, -7.72596],
						"0.5": [34.26207, 44.12334, 8.90537],
						"1.0": [37.56435, 72.53086, 25.5367],
						"2.0": [10.95978, 15.71581, -7.72596]
					}
				},
				"foot3": {
					"rotation": {
						"0.0": [-85, 0, 0],
						"2.0": [-85, 0, 0]
					}
				},
				"leg4": {
					"rotation": {
						"0.0": [29.75172, -68.35856, -17.25294],
						"1.0": [10.73786, -10.80505, 8.69253],
						"1.5": [30.24479, -39.58181, -4.2802],
						"2.0": [29.75172, -68.35856, -17.25294]
					}
				},
				"foot4": {
					"rotation": {
						"0.0": [-85.07558, -0.86717, 9.96271],
						"2.0": [-85.07558, -0.86717, 9.96271]
					}
				}
			}
		},
		"animation.creeperator.faint": {
			"animation_length": 3,
			"bones": {
				"body": {
					"position": {
						"0.0": [0, 0.5, 0],
						"0.1667": [0, -5.5, 0],
						"0.2083": [0, -4.5, 0],
						"0.3333": [0, -5.5, 0]
					}
				},
				"torso": {
					"rotation": {
						"0.0": [20, 0, 0],
						"0.1667": [10, 0, 0],
						"0.5": [25, 0, 0],
						"0.75": [55, 0, 0]
					}
				},
				"head": {
					"rotation": {
						"0.0": [-15, 0, 0],
						"0.125": [-20, 0, 0],
						"0.2083": [5, 0, 0],
						"0.2917": [-2.5, 0, 0],
						"0.5": [27.5, 0, 0],
						"0.75": [27.5, 0, 0],
						"0.7917": [37.5, 0, 0],
						"0.8333": [32.5, 0, 0],
						"0.875": [35, 0, 0]
					}
				},
				"eyes": {
					"position": [0, 0, 0],
					"scale": {
						"0.2083": [1, 1, 1],
						"0.5": [1, 0, 1]
					}
				},
				"core": {
					"scale": {
						"0.4167": [1, 1, 1],
						"0.4583": [0, 0, 0],
						"0.5": [1, 1, 1],
						"0.5417": [0, 0, 0],
						"0.6667": [0, 0, 0],
						"0.7083": [1, 1, 1],
						"0.75": [0, 0, 0]
					}
				},
				"leg1": {
					"rotation": {
						"0.0": [-20, -45, 0],
						"0.1667": [-10, -45, 0],
						"0.2083": [0, -45, 0]
					}
				},
				"foot1": {
					"rotation": {
						"0.0": [90, 0, 0],
						"0.1667": [0, 0, 0]
					}
				},
				"leg2": {
					"rotation": {
						"0.0": [-20, 45, 0],
						"0.1667": [-10, 45, 0],
						"0.2083": [0, 45, 0]
					}
				},
				"foot2": {
					"rotation": {
						"0.0": [90, 0, 0],
						"0.1667": [0, 0, 0]
					}
				},
				"leg3": {
					"rotation": {
						"0.0": [15, 45, 0],
						"0.1667": [10, 45, 0],
						"0.2083": [0, 45, 0]
					}
				},
				"foot3": {
					"rotation": {
						"0.0": [-85, 0, 0],
						"0.1667": [0, 0, 0]
					}
				},
				"leg4": {
					"rotation": {
						"0.0": [15, -45, 0],
						"0.1667": [10, -45, 0],
						"0.2083": [0, -45, 0]
					}
				},
				"foot4": {
					"rotation": {
						"0.0": [-85, 0, 0],
						"0.1667": [0, 0, 0]
					}
				}
			}
		},
		"animation.creeperator.sleep": {
			"loop": true,
			"animation_length": 4,
			"bones": {
				"body": {
					"position": [0, -5, 0]
				},
				"torso": {
					"rotation": [-20, 0, 0],
					"scale": {
						"0.0": [1, 1, 1],
						"2.0": [1.03, 1, 1.03],
						"4.0": [1, 1, 1]
					}
				},
				"head": {
					"rotation": {
						"0.0": [-20, 0, 0],
						"2.0": [-25, 0, 0],
						"4.0": [-20, 0, 0]
					}
				},
				"eyes": {
					"scale": [1, 0, 1]
				},
				"core": {
					"scale": 0
				},
				"leg1": {
					"rotation": [-45, 0, 90]
				},
				"foot1": {
					"rotation": [60, 0, 0]
				},
				"leg2": {
					"rotation": [-45, 0, -90]
				},
				"foot2": {
					"rotation": [60, 0, 0]
				},
				"leg3": {
					"rotation": [60, 0, 0]
				},
				"foot3": {
					"rotation": [-125, 0, 0]
				},
				"leg4": {
					"rotation": [60, 0, 0]
				},
				"foot4": {
					"rotation": [-125, 0, 0]
				}
			}
		}
	}
}