{
	"format_version": "1.8.0",
	"animations": {
		"animation.ironhelper.ground_idle": {
			"loop": true,
			"animation_length": 2.20833,
			"bones": {
				"ironhelper": {
					"position": {
						"0.0": [0, 0, 0],
						"1.0": [0, 2, 0],
						"1.75": [0, -2, 0],
						"2.2083": [0, 0, 0]
					}
				},
				"ring": {
					"rotation": {
						"1.0": [0, 0, 0],
						"1.1667": [0, -45, 0],
						"1.3333": [0, -90, 0],
						"1.5": [0, -135, 0],
						"1.625": [0, -180, 0],
						"1.75": [0, -180, 0]
					},
					"position": {
						"1.0": [0, 0, 0],
						"1.75": [0, 0, 0],
						"1.9167": [0, -1, 0],
						"2.0833": [0, 0, 0]
					}
				},
				"arm1": {
					"rotation": {
						"0.0": [0, 0, 0],
						"1.0": [0, 0, -15],
						"1.75": [0, 0, 35],
						"2.0": [0, 0, -5],
						"2.2083": [0, 0, 0]
					}
				},
				"arm2": {
					"rotation": {
						"0.0": [0, 0, 0],
						"1.0": [0, 0, 15],
						"1.75": [0, 0, -35],
						"2.0": [0, 0, 5],
						"2.2083": [0, 0, 0]
					},
					"position": {
						"0.0": [0, 0, 0],
						"2.2083": [0, 0, 0]
					}
				},
				"antenna": {
					"rotation": {
						"0.0": [-45, 0, 0],
						"1.0": [-55, 0, 0],
						"1.75": [-25, 0, 0],
						"2.2083": [-45, 0, 0]
					}
				}
			}
		},
		"animation.ironhelper.ground_walk": {
			"loop": true,
			"animation_length": 0.66667,
			"bones": {
				"ironhelper": {
					"position": {
						"0.0": [0, 0, 0],
						"0.3333": [0, 1, 0],
						"0.6667": [0, 0, 0]
					}
				},
				"torso": {
					"rotation": [45, 0, 0]
				},
				"ring": {
					"rotation": {
						"0.0": [90, 0, 0],
						"0.1667": [90, 0, 45],
						"0.3333": [90, 0, 90],
						"0.5": [90, 0, 135],
						"0.6667": [90, 0, 180]
					},
					"position": [0, 3, 8]
				},
				"head": {
					"rotation": {
						"0.0": [-40, 0, 0],
						"0.1667": [-35, 0, 0],
						"0.3333": [-35, 0, 0],
						"0.5": [-40, 0, 0],
						"0.6667": [-40, 0, 0]
					}
				},
				"arm1": {
					"rotation": {
						"0.0": [0, 0, 0],
						"0.3333": [-5, 0, 0],
						"0.6667": [0, 0, 0]
					}
				},
				"arm2": {
					"rotation": {
						"0.0": [0, 0, 0],
						"0.3333": [-5, 0, 0],
						"0.6667": [0, 0, 0]
					},
					"position": [0, 0, 0]
				},
				"antenna": {
					"rotation": {
						"0.0": [-60, 0, 0],
						"0.1667": [-75, 0, 0],
						"0.3333": [-70, 0, 0],
						"0.5": [-55, 0, 0],
						"0.6667": [-60, 0, 0]
					}
				}
			}
		},
		"animation.ironhelper.faint": {
			"animation_length": 3.5,
			"bones": {
				"torso": {
					"rotation": {
						"0.0": [0, 0, 0],
						"0.25": [15, 0, 0],
						"0.375": [70, 0, 0],
						"0.5417": [90, 0, 0]
					},
					"position": {
						"0.0": [0, 0, 0],
						"0.125": [0, -4, 0],
						"0.25": [0, -8, 0],
						"0.5417": [0, -10, -1],
						"0.625": [0, -9.25, -4],
						"0.7083": [0, -10.25, -6],
						"0.875": [0, -10.25, -8]
					}
				},
				"ring": {
					"rotation": {
						"0.0": [10, 0, 0],
						"0.25": [25, 0, 0],
						"0.375": [57.5, 0, 0],
						"0.4583": [140, 0, 0],
						"0.5417": [220, 0, 0],
						"0.625": [300, 0, 0],
						"0.7083": [380, 0, 0],
						"0.7917": [460, 0, 0],
						"0.875": [535, 0, 0],
						"0.9583": [567.5, 0, 0],
						"1.0417": [576.36024, -38.84468, -24.78507],
						"1.125": [630, -62.5, -90],
						"1.2083": [683.63976, -38.84468, -155.21493],
						"1.2917": [692.5, 0, -180],
						"1.4167": [683.63976, 38.84468, -204.78507],
						"1.5417": [675.90619, 48.42583, -215.93461],
						"1.6667": [683.63976, 38.84468, -204.78507],
						"1.8333": [689.59227, 24.1782, -193.51584],
						"2.0833": [683.63976, 38.84468, -204.78507],
						"3.5": [683.63976, 38.84468, -204.78507]
					},
					"position": {
						"0.0": [0, 0, 3],
						"0.125": [0, -3, 3],
						"0.25": [0, -4.5, 5.75],
						"0.375": [0, -1.5, 7.75],
						"0.4583": [0, 3.5, 7.75],
						"0.5417": [0, 7.5, 6.75],
						"0.625": [0, 10.5, 0.75],
						"0.7083": [0, 7.5, -4.25],
						"0.7917": [0, 4.5, -9.25],
						"0.875": [0, 1.5, -12.25],
						"0.9583": [0, -1.5, -15.25],
						"1.0417": [3, -1.5, -15.25],
						"1.125": [1, 0.5, -12.25],
						"1.2083": [-2, 0.5, -12.25],
						"1.2917": [-2, -1.5, -15.25],
						"1.4167": [0, -1.5, -16.25],
						"1.5417": [0.5, -1.5, -16.25],
						"1.6667": [0, -1.5, -16.25],
						"1.8333": [-1, -1.5, -16.25],
						"2.0833": [0, -1.5, -16.25],
						"3.5": [0, -1.5, -16.25]
					}
				},
				"head": {
					"rotation": {
						"0.0": [0, 0, 0],
						"0.125": [-30, 0, 0],
						"0.375": [-40, 0, 0],
						"0.5": [-40, 0, 0],
						"0.5417": [-30, 0, 0],
						"0.625": [-15, 0, 0],
						"0.7083": [-40, 0, 0],
						"0.875": [-27.5, 0, 0]
					}
				},
				"arm1": {
					"rotation": {
						"0.0": [0, 0, 0],
						"0.125": [0, 0, 30],
						"0.25": [0, 0, 60],
						"0.375": [25, 0, 60],
						"0.5417": [-7.5, 0, 60],
						"0.625": [15, 0, 60],
						"0.875": [0, 0, 40]
					}
				},
				"arm2": {
					"rotation": {
						"0.0": [0, 0, 0],
						"0.125": [0, 0, -30],
						"0.25": [0, 0, -60],
						"0.375": [40, 0, -60],
						"0.5417": [-7.5, 0, -60],
						"0.625": [-15, 0, -60],
						"0.875": [0, 0, -40]
					}
				},
				"antenna": {
					"rotation": {
						"0.0": [-60, 0, 0],
						"0.125": [-15, 0, 0],
						"0.375": [-80, 0, 0],
						"0.5833": [-45, 0, 0],
						"0.7083": [-85, 0, 0],
						"0.875": [-100, 0, 0],
						"1.0417": [-100, 0, 0]
					}
				}
			},
			"particle_effects": {}
		}
	}
}