{
	"format_version": "1.8.0",
	"animations": {
		"animation.lizkul.ground_idle": {
			"loop": true,
			"animation_length": 4,
			"bones": {
				"torso": {
					"rotation": {
						"0.0": [0, 0, 0],
						"2.0": [10, 0, 0],
						"4.0": [0, 0, 0]
					}
				},
				"tail": {
					"rotation": {
						"0.0": [0, 0, 0],
						"0.7083": [0, 0, 0],
						"0.75": [21.88023, 23.39896, 9.06159],
						"1.0": [0, 0, 0],
						"1.0417": [15, -12.5, 0],
						"1.25": [0, 0, 0],
						"3.0": [0, 0, 0],
						"3.0417": [21.88023, 23.39896, 9.06159],
						"3.2917": [0, 0, 0],
						"3.3333": [15, -12.5, 0],
						"3.5417": [0, 0, 0]
					}
				},
				"head": {
					"rotation": {
						"0.0": [0, 0, 0],
						"0.75": [-7.5, 0, 0],
						"2.0": [-7.5, 0, 0],
						"3.0": [0, 0, 0],
						"4.0": [0, 0, 0]
					}
				},
				"arm1": {
					"rotation": {
						"0.0": [0, 0, 0],
						"2.0": [-10, 0, 0],
						"4.0": [0, 0, 0]
					}
				},
				"arm2": {
					"rotation": {
						"0.0": [0, 0, 0],
						"2.0": [-10, 0, 0],
						"4.0": [0, 0, 0]
					}
				}
			}
		},
		"animation.lizkul.ground_walk": {
			"loop": true,
			"animation_length": 0.5,
			"bones": {
				"torso": {
					"rotation": {
						"0.0": [0, 0, -5],
						"0.125": [0, 0, 0],
						"0.25": [0, 0, 5],
						"0.375": [0, 0, 0],
						"0.5": [0, 0, -5]
					},
					"position": {
						"0.0": [0, 0, 0],
						"0.125": [0, 0.5, 0],
						"0.25": [0, 0, 0],
						"0.375": [0, 0.5, 0],
						"0.5": [0, 0, 0]
					}
				},
				"tail": {
					"rotation": {
						"0.0": [0, 0, 0],
						"0.125": [0, 15, 0],
						"0.25": [0, 0, 0],
						"0.375": [0, -15, 0],
						"0.5": [0, 0, 0]
					}
				},
				"head": {
					"rotation": {
						"0.0": [0, 0, 0],
						"0.125": [20, 0, 0],
						"0.25": [0, 0, 0],
						"0.375": [20, 0, 0],
						"0.5": [0, 0, 0]
					}
				},
				"arm1": {
					"rotation": {
						"0.0": [-17.5, 0, 0],
						"0.125": [-2.5, 0, 0],
						"0.25": [17.5, 0, 0],
						"0.375": [-2.5, 0, 0],
						"0.5": [-17.5, 0, 0]
					}
				},
				"arm2": {
					"rotation": {
						"0.0": [12.5, 0, 0],
						"0.125": [-2.5, 0, 0],
						"0.25": [-12.5, 0, 0],
						"0.375": [-2.5, 0, 0],
						"0.5": [12.5, 0, 0]
					}
				}
			}
		},
		"animation.lizkul.faint": {
			"animation_length": 3.25,
			"bones": {
				"torso": {
					"rotation": {
						"0.0": [0, 0, 0],
						"0.25": [-20, 0, 0],
						"0.75": [-20, 0, 0],
						"0.9167": [45, 0, 0],
						"1.0833": [70, 0, 0]
					},
					"position": {
						"0.0": [0, 0, 0],
						"0.9167": [0, 0, 0],
						"1.0833": [0, -1, -1],
						"1.2083": [0, -2.5, -2.25],
						"1.2917": [0, -2, -2.75],
						"1.3333": [0, -2.5, -3.25],
						"3.25": [0, -2.5, -3.25]
					}
				},
				"tail": {
					"rotation": {
						"1.0": [0, 0, 0],
						"1.0417": [31.01004, 26.32776, 14.92735],
						"1.2917": [0, 0, 0],
						"1.3333": [-37.5, -35, 0],
						"1.625": [-65, 0, 0]
					},
					"position": {
						"0.0": [0, 0, 0],
						"1.3333": [0, 0, 0],
						"1.625": [0, -1, -1]
					}
				},
				"head": {
					"rotation": {
						"0.0": [0, 0, 0],
						"0.125": [-25, 0, 0],
						"0.75": [-25, 0, 0],
						"0.9167": [-42.5, 0, 0],
						"1.2083": [-42.5, 0, 0],
						"1.25": [-15, 0, 0],
						"1.3333": [0, 0, 0],
						"1.375": [-5, 0, 0]
					}
				},
				"arm1": {
					"rotation": {
						"0.0": [0, 0, 0],
						"0.25": [20, 0, 0],
						"0.75": [20, 0, 0],
						"0.9167": [-25, 0, 0],
						"1.0833": [30, 0, 0],
						"1.3333": [10, 0, 0]
					}
				},
				"arm2": {
					"rotation": {
						"0.0": [0, 0, 0],
						"0.2917": [-30.90686, 10.58927, 0],
						"0.375": [-40.90686, 10.58927, 0],
						"0.75": [-30.90686, 10.58927, 0],
						"1.0833": [30, 0, 0],
						"1.3333": [10, 0, 0]
					},
					"position": {
						"0.0": [0, 0, 0],
						"1.0833": [0, 0, 0]
					}
				}
			}
		},
		"animation.lizkul.shoulder_left": {
			"loop": true,
			"animation_length": 2,
			"bones": {
				"torso": {
					"rotation": {
						"0.0": [-22.5, 0, 0],
						"1.0": [-20, 0, 0],
						"2.0": [-22.5, 0, 0]
					},
					"position": {
						"0.0": [0, -2, -2],
						"2.0": [-4, -2, -2]
					}
				},
				"tail": {
					"rotation": {
						"0.0": [37.5, 0, 0],
						"1.25": [37.5, 0, 0],
						"1.2917": [69.05898, 8.42106, 20.94102],
						"1.375": [41.6531, -15.3463, -32.05724],
						"1.5": [37.5, 0, 0],
						"2.0": [37.5, 0, 0]
					}
				},
				"head": {
					"rotation": {
						"0.0": [25, 0, 0],
						"1.0": [22.5, 0, 0],
						"2.0": [25, 0, 0]
					}
				},
				"arm1": {
					"rotation": {
						"0.0": [-10, 0, 0],
						"1.0": [-12.5, 0, 0],
						"2.0": [-10, 0, 0]
					}
				},
				"arm2": {
					"rotation": {
						"0.0": [-15, 0, 0],
						"1.0": [-17.5, 0, 0],
						"2.0": [-15, 0, 0]
					}
				},
				"lizkul": {
					"position": {
						"0.0": [-1, 0, 0],
						"2.0": [3, 0, 0]
					}
				}
			}
		},
		"animation.lizkul.shoulder_right": {
			"loop": true,
			"animation_length": 2,
			"bones": {
				"torso": {
					"rotation": {
						"0.0": [-22.5, 0, 0],
						"1.0": [-20, 0, 0],
						"2.0": [-22.5, 0, 0]
					},
					"position": {
						"0.0": [0, -2, -2],
						"2.0": [0, -2, -2]
					}
				},
				"tail": {
					"rotation": {
						"0.0": [37.5, 0, 0],
						"1.25": [37.5, 0, 0],
						"1.2917": [69.05898, 8.42106, 20.94102],
						"1.375": [41.6531, -15.3463, -32.05724],
						"1.5": [37.5, 0, 0],
						"2.0": [37.5, 0, 0]
					}
				},
				"head": {
					"rotation": {
						"0.0": [25, 0, 0],
						"1.0": [22.5, 0, 0],
						"2.0": [25, 0, 0]
					}
				},
				"arm1": {
					"rotation": {
						"0.0": [-10, 0, 0],
						"1.0": [-12.5, 0, 0],
						"2.0": [-10, 0, 0]
					}
				},
				"arm2": {
					"rotation": {
						"0.0": [-15, 0, 0],
						"1.0": [-17.5, 0, 0],
						"2.0": [-15, 0, 0]
					}
				},
				"lizkul": {
					"position": [1, 0, 0]
				}
			}
		}
	}
}